{"cameraMode":{"drawMode":0,"name":"Shaded","section":"Shading Mode"},"sceneLighting":false,"audioPlay":false,"sceneViewState":{"showFog":true,"showMaterialUpdate":false,"showSkybox":false,"showFlares":true,"showImageEffects":true,"showParticleSystems":true},"in2DMode":false,"pivot":{"x":-1.5622341632843018,"y":1.141444206237793,"z":-1.526349425315857},"rotation":{"x":-0.1712370663881302,"y":-0.8033564686775208,"z":0.27544984221458437,"w":-0.4994316101074219},"size":1.5744564533233643,"orthographic":false}