{"cameraMode":{"drawMode":0,"name":"Shaded","section":"Shading Mode"},"sceneLighting":true,"audioPlay":false,"sceneViewState":{"showFog":true,"showMaterialUpdate":false,"showSkybox":true,"showFlares":true,"showImageEffects":true,"showParticleSystems":true},"in2DMode":false,"pivot":{"x":-0.17769885063171388,"y":1.890542984008789,"z":-1.732116460800171},"rotation":{"x":-0.13575932383537293,"y":-0.5574274659156799,"z":0.09300048649311066,"w":-0.8137637376785278},"size":-0.20313745737075807,"orthographic":false}