{"cameraMode":{"drawMode":0,"name":"Shaded","section":"Shading Mode"},"sceneLighting":true,"audioPlay":false,"sceneViewState":{"showFog":true,"showMaterialUpdate":true,"showSkybox":true,"showFlares":true,"showImageEffects":true,"showParticleSystems":true},"in2DMode":false,"pivot":{"x":-1.6254425048828126,"y":2.0717735290527345,"z":0.432880163192749},"rotation":{"x":-0.1737174689769745,"y":0.7235026359558106,"z":-0.19707195460796357,"w":-0.6384756565093994},"size":2.909015655517578,"orthographic":false}